task,worker,label,gt
1251376725306589184,A2T5CROJ0FWIJY,3,4
1251376725306589184,A3RYI5HXC2MJLN,4,4
1303113292475371520,A2Q1YS118AO2BP,3,3
1303113292475371520,A2T5CROJ0FWIJY,4,3
1266342527654940672,A2YYQJ3JWA2KGD,4,4
1266342527654940672,A3RYI5HXC2MJLN,4,4
1214720126085414912,A2F0X4LN9N4O4C,4,1
1214720126085414912,A3RYI5HXC2MJLN,1,1
1378965726808190976,A2JPOXYZM5AJZZ,4,4
1378965726808190976,AMWIBULQ4S8K3,5,4
1266129458110423040,A2F48NO7AD9VKK,4,4
1266129458110423040,AMWIBULQ4S8K3,5,4
1349076668351131648,A2F0X4LN9N4O4C,0,0
1349076668351131648,A2Q1YS118AO2BP,0,0
1349687440567640064,A2YYQJ3JWA2KGD,0,0
1349687440567640064,A55X502YHPLPL,0,0
1262070980979146752,A2YYQJ3JWA2KGD,4,4
1262070980979146752,A3JZS32RQUWGJM,4,4
1348326738325983232,A2F0X4LN9N4O4C,1,1
1348326738325983232,A3JZS32RQUWGJM,1,1
1349537809695182848,A2F48NO7AD9VKK,1,1
1349537809695182848,A2T5CROJ0FWIJY,1,1
1314402520555454464,A2F48NO7AD9VKK,1,1
1314402520555454464,A3RYI5HXC2MJLN,1,1
1334229642643972096,A2Q1YS118AO2BP,0,0
1334229642643972096,A2T5CROJ0FWIJY,0,0
1348139374731522048,A2T5CROJ0FWIJY,1,1
1348139374731522048,AMWIBULQ4S8K3,1,1
1349409670235107328,A2YYQJ3JWA2KGD,0,0
1349409670235107328,A3JZS32RQUWGJM,0,0
1227231575445843968,A2F48NO7AD9VKK,0,0
1227231575445843968,A3JZS32RQUWGJM,0,0
1328768077740335104,A2T5CROJ0FWIJY,0,0
1328768077740335104,A3RYI5HXC2MJLN,0,0
1353556388086231040,A2F48NO7AD9VKK,0,0
1353556388086231040,A3JZS32RQUWGJM,0,0
1348062269100367872,A2HM35CWB7IIFM,0,0
1348062269100367872,A3RYI5HXC2MJLN,5,0
1349651316654661632,A2JPOXYZM5AJZZ,4,4
1349651316654661632,A2Q1YS118AO2BP,3,4
1348494733207859200,A3RYI5HXC2MJLN,5,3
1348494733207859200,AMWIBULQ4S8K3,5,3
1359602690985136128,A2FCGEU5RTEWG8,1,1
1359602690985136128,A3JZS32RQUWGJM,1,1
1338538839711895552,A2Q1YS118AO2BP,4,1
1338538839711895552,AMWIBULQ4S8K3,1,1
1325202306552324096,A2Q1YS118AO2BP,1,1
1325202306552324096,A2T5CROJ0FWIJY,1,1
1367553303387594752,A2Q1YS118AO2BP,4,3
1367553303387594752,A2YYQJ3JWA2KGD,3,3
1332177205862883328,A2F48NO7AD9VKK,3,0
1332177205862883328,A2YYQJ3JWA2KGD,0,0
1344063670473478144,A2FCGEU5RTEWG8,0,0
1344063670473478144,A3JZS32RQUWGJM,0,0
1344128995722481664,A2Q1YS118AO2BP,0,0
1344128995722481664,AMWIBULQ4S8K3,0,0
1334884300018290688,A2T5CROJ0FWIJY,0,0
1334884300018290688,A55X502YHPLPL,0,0
1334277204298043392,A2Q1YS118AO2BP,0,0
1334277204298043392,AJAPJJTISC36L,0,0
1344093793109364736,A3RYI5HXC2MJLN,0,0
1344093793109364736,AMWIBULQ4S8K3,0,0
1244420000313565184,A2T5CROJ0FWIJY,5,4
1244420000313565184,AMWIBULQ4S8K3,4,4
1336772265468448768,A2YYQJ3JWA2KGD,0,0
1336772265468448768,A3RYI5HXC2MJLN,0,0
1292924682010628096,A22KRF782ELLB0,0,0
1292924682010628096,AJAPJJTISC36L,0,0
1280001369278054400,A2JPOXYZM5AJZZ,4,4
1280001369278054400,A2Q1YS118AO2BP,5,4
1348728709587603456,A2T5CROJ0FWIJY,0,0
1348728709587603456,ABY1RK8H6HC8C,0,0
1332328584204197888,A22KRF782ELLB0,0,0
1332328584204197888,A2JPOXYZM5AJZZ,0,0
1371779483057987584,A2YYQJ3JWA2KGD,3,4
1371779483057987584,A3RYI5HXC2MJLN,4,4
1266406360486301696,A2IOT3PCS9G5RK,0,0
1266406360486301696,A3JZS32RQUWGJM,0,0
1273285691850416128,A2YYQJ3JWA2KGD,0,0
1273285691850416128,A3JZS32RQUWGJM,0,0
1317255610858024960,A2F48NO7AD9VKK,1,0
1317255610858024960,A2HM35CWB7IIFM,0,0
1353497827205242880,A22KRF782ELLB0,4,4
1353497827205242880,A2IOT3PCS9G5RK,3,4
1352607405486596096,A18DUG8EA8Y766,4,4
1352607405486596096,A2YYQJ3JWA2KGD,1,4
1331962683042779136,A2YYQJ3JWA2KGD,0,0
1331962683042779136,AMWIBULQ4S8K3,0,0
1349124046361915392,A2T5CROJ0FWIJY,0,0
1349124046361915392,A2VC1UC5Q0E9PO,0,0
1257727831758516224,A3JZS32RQUWGJM,3,4
1257727831758516224,A3RYI5HXC2MJLN,2,4
1266143878849032192,A22KRF782ELLB0,0,0
1266143878849032192,A2JPOXYZM5AJZZ,0,0
1347764241747611648,A2Q1YS118AO2BP,5,1
1347764241747611648,AMWIBULQ4S8K3,1,1
1348340615772319744,A2T5CROJ0FWIJY,0,0
1348340615772319744,A2YYQJ3JWA2KGD,0,0
1265985138883809280,A2YYQJ3JWA2KGD,1,1
1265985138883809280,A3JZS32RQUWGJM,1,1
1349549214305554432,A2HM35CWB7IIFM,1,1
1349549214305554432,AMWIBULQ4S8K3,1,1
1274042464962314240,A2HM35CWB7IIFM,4,4
1274042464962314240,AMWIBULQ4S8K3,1,4
1308663225962188800,A2T5CROJ0FWIJY,3,3
1308663225962188800,A3RYI5HXC2MJLN,5,3
1338735827212513280,A2T5CROJ0FWIJY,3,3
1338735827212513280,A3JZS32RQUWGJM,3,3
1344097774237843456,A2YYQJ3JWA2KGD,0,0
1344097774237843456,AMWIBULQ4S8K3,0,0
1326626763825246208,A2Q1YS118AO2BP,0,0
1326626763825246208,AJAPJJTISC36L,0,0
1346934361103376384,A2Q1YS118AO2BP,4,1
1346934361103376384,A2T5CROJ0FWIJY,1,1
1348854655481241600,A2T5CROJ0FWIJY,1,1
1348854655481241600,A3N0QZ9ZKUCTCQ,1,1
1259842719851048960,A2T5CROJ0FWIJY,4,4
1259842719851048960,A3JZS32RQUWGJM,4,4
1350554074886889472,A2YYQJ3JWA2KGD,3,4
1350554074886889472,AMWIBULQ4S8K3,3,4
1342209628856328192,A2YYQJ3JWA2KGD,0,0
1342209628856328192,A3JZS32RQUWGJM,0,0
1315354065598132224,A2FCGEU5RTEWG8,0,0
1315354065598132224,A2YYQJ3JWA2KGD,0,0
1265739232888455168,A2T5CROJ0FWIJY,1,1
1265739232888455168,A2YYQJ3JWA2KGD,1,1
1332026799224664064,A2JPOXYZM5AJZZ,0,0
1332026799224664064,A2T5CROJ0FWIJY,0,0
1353514468379136000,A2Q1YS118AO2BP,5,4
1353514468379136000,A2YYQJ3JWA2KGD,3,4
1322522049047367680,A2IOT3PCS9G5RK,0,0
1322522049047367680,A3JZS32RQUWGJM,0,0
1350447053831340032,A2JPOXYZM5AJZZ,4,1
1350447053831340032,A3JZS32RQUWGJM,1,1
1261070585498685440,A2Q1YS118AO2BP,1,4
1261070585498685440,A2YYQJ3JWA2KGD,1,4
1363904132822745088,A2IOT3PCS9G5RK,0,0
1363904132822745088,A3JZS32RQUWGJM,0,0
1309257049696600064,A2IOT3PCS9G5RK,0,0
1309257049696600064,A2JPOXYZM5AJZZ,0,0
1335384673934057472,A2Q1YS118AO2BP,0,0
1335384673934057472,AMWIBULQ4S8K3,0,0
1336740270201778176,A3N0QZ9ZKUCTCQ,0,0
1336740270201778176,AJAPJJTISC36L,0,0
1348143808303702016,A2T5CROJ0FWIJY,5,3
1348143808303702016,A3JZS32RQUWGJM,5,3
1308875882916974592,A2F0X4LN9N4O4C,0,0
1308875882916974592,A2VC1UC5Q0E9PO,0,0
1347307583284015104,A2VC1UC5Q0E9PO,1,1
1347307583284015104,A2YYQJ3JWA2KGD,1,1
1347957281833545728,A2Q1YS118AO2BP,1,3
1347957281833545728,A2T5CROJ0FWIJY,1,3
1265994477136687104,A2JPOXYZM5AJZZ,0,0
1265994477136687104,A2YYQJ3JWA2KGD,0,0
1288779881774329856,A2T5CROJ0FWIJY,5,1
1288779881774329856,AMWIBULQ4S8K3,3,1
1341590193631969280,A2Q1YS118AO2BP,0,0
1341590193631969280,AMWIBULQ4S8K3,0,0
1266158945707495424,A2Q1YS118AO2BP,2,4
1266158945707495424,AMWIBULQ4S8K3,1,4
1351615338023165952,A2T5CROJ0FWIJY,0,0
1351615338023165952,AJAPJJTISC36L,0,0
1347833160634085376,A2T5CROJ0FWIJY,5,1
1347833160634085376,AMWIBULQ4S8K3,1,1
1327135853509029888,A2T5CROJ0FWIJY,1,1
1327135853509029888,A2YYQJ3JWA2KGD,1,1
1321146682382422016,A2YYQJ3JWA2KGD,3,4
1321146682382422016,A3JZS32RQUWGJM,4,4
1348952923284369408,A2JPOXYZM5AJZZ,1,1
1348952923284369408,AJAPJJTISC36L,1,1
1232255650811564032,A2JPOXYZM5AJZZ,5,3
1232255650811564032,AMWIBULQ4S8K3,3,3
1344398044100513792,A2Q1YS118AO2BP,0,0
1344398044100513792,A2T5CROJ0FWIJY,0,0
1338230129550647296,A2YYQJ3JWA2KGD,3,4
1338230129550647296,A3JZS32RQUWGJM,3,4
1267987665011515392,A2JPOXYZM5AJZZ,4,4
1267987665011515392,AJAPJJTISC36L,4,4
1349646467980521472,A2T5CROJ0FWIJY,1,1
1349646467980521472,A3JZS32RQUWGJM,1,1
1347341671638343680,A3JZS32RQUWGJM,0,0
1347341671638343680,AMWIBULQ4S8K3,0,0
1342670503476158464,A3GLUDQZGEJL5G,0,0
1342670503476158464,A3JZS32RQUWGJM,0,0
1342588940419657728,A2YYQJ3JWA2KGD,0,0
1342588940419657728,AJAPJJTISC36L,0,0
1344077276086820864,A3JZS32RQUWGJM,0,0
1344077276086820864,AJAPJJTISC36L,0,0
1349709960180097024,A1IFIK8J49WBER,0,0
1349709960180097024,A2Q1YS118AO2BP,0,0
1334101254914465792,A2T5CROJ0FWIJY,0,0
1334101254914465792,A2YYQJ3JWA2KGD,0,0
1334766962807775232,A2Q1YS118AO2BP,0,0
1334766962807775232,AJAPJJTISC36L,0,0
1344127902049214464,A2T5CROJ0FWIJY,0,0
1344127902049214464,A3JZS32RQUWGJM,0,0
1321205041491894272,A3RYI5HXC2MJLN,3,0
1321205041491894272,AMWIBULQ4S8K3,0,0
1343963005583843328,A2F0X4LN9N4O4C,0,0
1343963005583843328,AMWIBULQ4S8K3,0,0
1349587066703798272,A2Q1YS118AO2BP,1,1
1349587066703798272,A2YYQJ3JWA2KGD,1,1
1353030341645099008,A2Q1YS118AO2BP,1,4
1353030341645099008,A2T5CROJ0FWIJY,1,4
1330494705998688256,A2T5CROJ0FWIJY,3,1
1330494705998688256,AMWIBULQ4S8K3,5,1
1351352672423731200,A2T5CROJ0FWIJY,1,1
1351352672423731200,A3JZS32RQUWGJM,1,1
1235667474995179520,A2F48NO7AD9VKK,1,3
1235667474995179520,AMWIBULQ4S8K3,1,3
1277512823292256256,A2YYQJ3JWA2KGD,3,3
1277512823292256256,AMWIBULQ4S8K3,3,3
1348445830227890176,A3JZS32RQUWGJM,1,1
1348445830227890176,AMWIBULQ4S8K3,1,1
1380211141440204800,A2Q1YS118AO2BP,5,3
1380211141440204800,AMWIBULQ4S8K3,3,3
1316834067338326016,A2FCGEU5RTEWG8,0,0
1316834067338326016,AJAPJJTISC36L,0,0
1293852305482293248,A2T5CROJ0FWIJY,3,3
1293852305482293248,A2YYQJ3JWA2KGD,3,3
1319675806939975680,A2YYQJ3JWA2KGD,3,3
1319675806939975680,A3RYI5HXC2MJLN,5,3
1347767181019381760,A2Q1YS118AO2BP,1,1
1347767181019381760,A3JZS32RQUWGJM,1,1
1281659152046198784,A2Q1YS118AO2BP,5,4
1281659152046198784,A2T5CROJ0FWIJY,5,4
1344304564426723328,A2Q1YS118AO2BP,0,0
1344304564426723328,AMWIBULQ4S8K3,0,0
1303640325781704704,A3RYI5HXC2MJLN,0,0
1303640325781704704,AMWIBULQ4S8K3,0,0
1344178595963564032,A2YYQJ3JWA2KGD,0,0
1344178595963564032,AMWIBULQ4S8K3,0,0
1345184266330595328,A2F0X4LN9N4O4C,0,0
1345184266330595328,A2Q1YS118AO2BP,0,0
1347854954581602304,A2T5CROJ0FWIJY,0,0
1347854954581602304,A2YYQJ3JWA2KGD,0,0
1267619918666543104,A2T5CROJ0FWIJY,4,4
1267619918666543104,AMWIBULQ4S8K3,5,4
1348834072978731008,A2T5CROJ0FWIJY,0,0
1348834072978731008,A3JZS32RQUWGJM,0,0
1344066329356070912,A2YYQJ3JWA2KGD,0,0
1344066329356070912,A3GLUDQZGEJL5G,0,0
1329877250934792192,A22KRF782ELLB0,1,1
1329877250934792192,A2Q1YS118AO2BP,2,1
1336461166403596288,A2Q1YS118AO2BP,0,0
1336461166403596288,A2YYQJ3JWA2KGD,0,0
1347245019892232192,A22KRF782ELLB0,1,1
1347245019892232192,A2T5CROJ0FWIJY,1,1
1316777167603355648,A2F48NO7AD9VKK,0,0
1316777167603355648,A2HM35CWB7IIFM,0,0
1214013637733470208,A2Q1YS118AO2BP,3,4
1214013637733470208,A3RYI5HXC2MJLN,5,4
1347801500295245824,A2Q1YS118AO2BP,1,1
1347801500295245824,A3JZS32RQUWGJM,1,1
1349725960799719424,A2FCGEU5RTEWG8,1,1
1349725960799719424,A2Q1YS118AO2BP,2,1
1348995734704705536,A2JPOXYZM5AJZZ,1,1
1348995734704705536,A3RYI5HXC2MJLN,1,1
1313561856083017728,A18DUG8EA8Y766,0,0
1313561856083017728,A2Q1YS118AO2BP,0,0
1313689641233518592,A2HM35CWB7IIFM,3,3
1313689641233518592,A55X502YHPLPL,3,3
1350563911364472832,A2IOT3PCS9G5RK,1,1
1350563911364472832,A3JZS32RQUWGJM,1,1
1336928087448166400,A2FCGEU5RTEWG8,0,0
1336928087448166400,A2JPOXYZM5AJZZ,0,0
1347667314309795840,A2T5CROJ0FWIJY,1,1
1347667314309795840,A3JZS32RQUWGJM,1,1
1228720308279898112,A2F48NO7AD9VKK,3,3
1228720308279898112,A3JZS32RQUWGJM,3,3
1321249887770521600,A3JZS32RQUWGJM,4,4
1321249887770521600,A3RYI5HXC2MJLN,4,4
1321239661394550784,A2YYQJ3JWA2KGD,0,0
1321239661394550784,A55X502YHPLPL,0,0
1334096660973150208,A2JPOXYZM5AJZZ,0,0
1334096660973150208,A3JZS32RQUWGJM,0,0
1265415545882505216,A2F0X4LN9N4O4C,1,1
1265415545882505216,A2Q1YS118AO2BP,1,1
1316478835148419072,AJAPJJTISC36L,0,0
1316478835148419072,AMWIBULQ4S8K3,0,0
1348028563904028672,A2FCGEU5RTEWG8,1,1
1348028563904028672,A2Q1YS118AO2BP,3,1
1348866438472347648,AJAPJJTISC36L,1,1
1348866438472347648,AMWIBULQ4S8K3,1,1
1334444819918295040,A2F48NO7AD9VKK,0,0
1334444819918295040,A3JZS32RQUWGJM,0,0
1237588681461911552,A18DUG8EA8Y766,0,0
1237588681461911552,A2T5CROJ0FWIJY,0,0
1347991541369880576,A2F48NO7AD9VKK,0,0
1347991541369880576,A2T5CROJ0FWIJY,0,0
1347267833953087488,A18DUG8EA8Y766,0,0
1347267833953087488,AMWIBULQ4S8K3,0,0
1346926632272060416,A2JPOXYZM5AJZZ,1,1
1346926632272060416,A2T5CROJ0FWIJY,1,1
1342654750832160768,A2F48NO7AD9VKK,0,0
1342654750832160768,A2HM35CWB7IIFM,0,0
1321721022559772672,A2Q1YS118AO2BP,0,0
1321721022559772672,A3RYI5HXC2MJLN,0,0
1268804904790958080,A2IOT3PCS9G5RK,0,0
1268804904790958080,A2Q1YS118AO2BP,0,0
1344275756705320960,A2IOT3PCS9G5RK,0,0
1344275756705320960,A3RYI5HXC2MJLN,0,0
1317541551099269120,A2T5CROJ0FWIJY,1,4
1317541551099269120,A2YYQJ3JWA2KGD,4,4
1334571501761294336,A18DUG8EA8Y766,0,0
1334571501761294336,A2F0X4LN9N4O4C,0,0
1280725897251819520,A2JPOXYZM5AJZZ,4,4
1280725897251819520,A2T5CROJ0FWIJY,4,4
1332327713386991616,A2F48NO7AD9VKK,0,0
1332327713386991616,AMWIBULQ4S8K3,0,0
1326217114009690112,A2YYQJ3JWA2KGD,0,0
1326217114009690112,AMWIBULQ4S8K3,0,0
1264217946441703424,A3JZS32RQUWGJM,4,3
1264217946441703424,AMWIBULQ4S8K3,5,3
1317127308600315904,A2T5CROJ0FWIJY,0,0
1317127308600315904,AMWIBULQ4S8K3,0,0
1344094305326047232,A2Q1YS118AO2BP,0,0
1344094305326047232,A2YYQJ3JWA2KGD,0,0
1352646471980437504,A2F48NO7AD9VKK,5,4
1352646471980437504,A2YYQJ3JWA2KGD,3,4
1247208416486895616,A3RYI5HXC2MJLN,4,3
1247208416486895616,AJAPJJTISC36L,4,3
1336710160610365440,A3RYI5HXC2MJLN,0,0
1336710160610365440,AMWIBULQ4S8K3,0,0
1319035005398441984,A2HM35CWB7IIFM,0,0
1319035005398441984,A2Q1YS118AO2BP,0,0
1334150085001744384,A2HM35CWB7IIFM,0,0
1334150085001744384,A55X502YHPLPL,0,0
1319726787874623488,A2T5CROJ0FWIJY,0,0
1319726787874623488,A2YYQJ3JWA2KGD,0,0
1270086686366711808,A2Q1YS118AO2BP,5,4
1270086686366711808,A3JZS32RQUWGJM,4,4
1348074761591652352,A2HM35CWB7IIFM,1,1
1348074761591652352,A2T5CROJ0FWIJY,5,1
1266033027127431168,A2F0X4LN9N4O4C,0,0
1266033027127431168,AMWIBULQ4S8K3,0,0
1317447597112655872,A22KRF782ELLB0,0,0
1317447597112655872,A2YYQJ3JWA2KGD,0,0
1355389583610023936,A18DUG8EA8Y766,1,1
1355389583610023936,A314XJY8V1YL12,1,1
1357153608761020416,A22KRF782ELLB0,1,1
1357153608761020416,A2YYQJ3JWA2KGD,1,1
1349602198825496576,A2Q1YS118AO2BP,3,3
1349602198825496576,A3JZS32RQUWGJM,3,3
1360803496468045824,A2JPOXYZM5AJZZ,1,1
1360803496468045824,A3JZS32RQUWGJM,1,1
1351962379727364096,A2Q1YS118AO2BP,4,4
1351962379727364096,A2YYQJ3JWA2KGD,3,4
1351522011974086656,A2F48NO7AD9VKK,4,4
1351522011974086656,A2Q1YS118AO2BP,5,4
1342812630474514432,A2IOT3PCS9G5RK,0,0
1342812630474514432,A2T5CROJ0FWIJY,0,0
1269470744209211392,AJAPJJTISC36L,4,4
1269470744209211392,AMWIBULQ4S8K3,4,4
1328766894191505408,A2YYQJ3JWA2KGD,3,4
1328766894191505408,A3JZS32RQUWGJM,4,4
1349884504928878592,A2Q1YS118AO2BP,1,1
1349884504928878592,A2T5CROJ0FWIJY,1,1
1317823169726697472,A2F48NO7AD9VKK,0,0
1317823169726697472,A2YYQJ3JWA2KGD,0,0
1322044065928523776,A2JPOXYZM5AJZZ,0,0
1322044065928523776,AJAPJJTISC36L,0,0
1274177329061933056,A2F48NO7AD9VKK,5,3
1274177329061933056,A2Q1YS118AO2BP,2,3
1350005897855168512,A2IOT3PCS9G5RK,1,1
1350005897855168512,A2YYQJ3JWA2KGD,1,1
1290431238470279168,A3JZS32RQUWGJM,3,3
1290431238470279168,AJAPJJTISC36L,3,3
1323813973913817088,A18DUG8EA8Y766,5,0
1323813973913817088,A2FCGEU5RTEWG8,0,0
1347688164547293184,A2F48NO7AD9VKK,1,1
1347688164547293184,A2YYQJ3JWA2KGD,1,1
1336754217516613632,A2T5CROJ0FWIJY,0,0
1336754217516613632,AMWIBULQ4S8K3,0,0
1345135003357777920,A3JZS32RQUWGJM,0,0
1345135003357777920,AMWIBULQ4S8K3,0,0
1323731399174688768,A2F48NO7AD9VKK,4,4
1323731399174688768,A2YYQJ3JWA2KGD,1,4
1317081250860044288,A2JPOXYZM5AJZZ,1,4
1317081250860044288,A3JZS32RQUWGJM,4,4
1334527288017350656,A3JZS32RQUWGJM,0,0
1334527288017350656,A3N0QZ9ZKUCTCQ,0,0
1349003982245486592,A2FCGEU5RTEWG8,0,0
1349003982245486592,A3JZS32RQUWGJM,0,0
1349033320517169152,A2JPOXYZM5AJZZ,1,1
1349033320517169152,A2Q1YS118AO2BP,4,1
1332048382932742144,A22KRF782ELLB0,0,0
1332048382932742144,A3RYI5HXC2MJLN,0,0
1348339605016358912,A2IOT3PCS9G5RK,1,1
1348339605016358912,A3N0QZ9ZKUCTCQ,1,1
1347802237091729408,A18DUG8EA8Y766,0,0
1347802237091729408,A2T5CROJ0FWIJY,0,0
1266626834751520768,A2HM35CWB7IIFM,0,0
1266626834751520768,A2Q1YS118AO2BP,0,0
1303884452028993536,A2T5CROJ0FWIJY,0,0
1303884452028993536,AMWIBULQ4S8K3,0,0
1348055162116591616,A55X502YHPLPL,1,1
1348055162116591616,AMWIBULQ4S8K3,1,1
1228349104692047872,A2Q1YS118AO2BP,0,0
1228349104692047872,A2YYQJ3JWA2KGD,0,0
1233217766204809216,A2Q1YS118AO2BP,5,4
1233217766204809216,A3RYI5HXC2MJLN,4,4
1334281376535891968,A2T5CROJ0FWIJY,0,0
1334281376535891968,A3RYI5HXC2MJLN,0,0
1349651228842721280,A2Q1YS118AO2BP,5,1
1349651228842721280,A2YYQJ3JWA2KGD,1,1
1265991418683838464,A2IOT3PCS9G5RK,1,1
1265991418683838464,A3JZS32RQUWGJM,1,1
1347812094801022976,A2IOT3PCS9G5RK,1,1
1347812094801022976,A2YYQJ3JWA2KGD,1,1
1336992658586210304,A3RYI5HXC2MJLN,0,0
1336992658586210304,AJAPJJTISC36L,0,0
1349528650530643968,A2IOT3PCS9G5RK,1,1
1349528650530643968,AMWIBULQ4S8K3,1,1
1348290040112312320,A3JZS32RQUWGJM,1,1
1348290040112312320,AJAPJJTISC36L,1,1
1349056324781432832,A2FCGEU5RTEWG8,0,0
1349056324781432832,AJAPJJTISC36L,0,0
1348823524115415040,A2Q1YS118AO2BP,1,4
1348823524115415040,AVWU9JDY5G81E,4,4
1313714838640746496,A2HM35CWB7IIFM,0,0
1313714838640746496,A3RYI5HXC2MJLN,0,0
1376253888551124992,A2YYQJ3JWA2KGD,1,4
1376253888551124992,A3JZS32RQUWGJM,4,4
1328089400417284096,A2Q1YS118AO2BP,1,1
1328089400417284096,AMWIBULQ4S8K3,1,1
1346978777566310400,A2IOT3PCS9G5RK,1,1
1346978777566310400,A2JPOXYZM5AJZZ,0,1
1212514331503538176,A2YYQJ3JWA2KGD,0,0
1212514331503538176,A3RYI5HXC2MJLN,0,0
1345939219114385408,A2F48NO7AD9VKK,0,0
1345939219114385408,AJAPJJTISC36L,0,0
1327022789363056640,A2T5CROJ0FWIJY,1,1
1327022789363056640,ABY1RK8H6HC8C,1,1
1349042130363277312,A2YYQJ3JWA2KGD,1,1
1349042130363277312,A3MZ9RQJX9T656,1,1
1348281832375152640,A22KRF782ELLB0,0,0
1348281832375152640,AMWIBULQ4S8K3,0,0
1311816588740395008,A2Q1YS118AO2BP,3,4
1311816588740395008,A2YYQJ3JWA2KGD,3,4
1348028024927744000,A2Q1YS118AO2BP,0,0
1348028024927744000,A3N0QZ9ZKUCTCQ,0,0
1344188060666355712,A2T5CROJ0FWIJY,0,0
1344188060666355712,A3JZS32RQUWGJM,0,0
1349912338497896448,A2Q1YS118AO2BP,3,1
1349912338497896448,A3JZS32RQUWGJM,1,1
1373860310008926208,A2T5CROJ0FWIJY,1,1
1373860310008926208,A2YYQJ3JWA2KGD,0,1
1327827666678910976,A3JZS32RQUWGJM,3,3
1327827666678910976,A3RYI5HXC2MJLN,5,3
1316900383265095680,A2Q1YS118AO2BP,2,0
1316900383265095680,A3JZS32RQUWGJM,0,0
1349899823244304384,A2T5CROJ0FWIJY,1,1
1349899823244304384,AMWIBULQ4S8K3,1,1
1337175708586663936,A2FCGEU5RTEWG8,4,4
1337175708586663936,A2JPOXYZM5AJZZ,4,4
1349901915677593600,A2T5CROJ0FWIJY,0,0
1349901915677593600,A2YYQJ3JWA2KGD,0,0
1289720600806612992,A2T5CROJ0FWIJY,5,4
1289720600806612992,A3JZS32RQUWGJM,5,4
1319683696534827008,A3JZS32RQUWGJM,3,3
1319683696534827008,AMWIBULQ4S8K3,3,3
1341910592488046592,A2Q1YS118AO2BP,0,0
1341910592488046592,A3JZS32RQUWGJM,0,0
1338324204857434112,A2F48NO7AD9VKK,4,4
1338324204857434112,A2Q1YS118AO2BP,4,4
1348061459637538816,ABY1RK8H6HC8C,0,0
1348061459637538816,AMWIBULQ4S8K3,0,0
1317217774372966400,A2Q1YS118AO2BP,0,0
1317217774372966400,AJAPJJTISC36L,0,0
1273801060012851200,A2FCGEU5RTEWG8,0,0
1273801060012851200,A2YYQJ3JWA2KGD,1,0
1298420127768223744,A2T5CROJ0FWIJY,0,0
1298420127768223744,A3JZS32RQUWGJM,0,0
1333967670937436160,A2IOT3PCS9G5RK,0,0
1333967670937436160,A2YYQJ3JWA2KGD,0,0
1356428940609421312,A2YYQJ3JWA2KGD,4,4
1356428940609421312,A3RYI5HXC2MJLN,5,4
1346977436538433536,A2T5CROJ0FWIJY,1,1
1346977436538433536,A2YYQJ3JWA2KGD,1,1
1260559158358704128,A2Q1YS118AO2BP,4,4
1260559158358704128,A2T5CROJ0FWIJY,4,4
1288665114481012736,A2F48NO7AD9VKK,0,0
1288665114481012736,A3RYI5HXC2MJLN,0,0
1348480184274583552,A2T5CROJ0FWIJY,1,1
1348480184274583552,AMWIBULQ4S8K3,1,1
1347877022287208448,A2HM35CWB7IIFM,1,1
1347877022287208448,A3JZS32RQUWGJM,1,1
1296236431371837440,A18DUG8EA8Y766,1,4
1296236431371837440,AMWIBULQ4S8K3,1,4
1347314040796708864,A2Q1YS118AO2BP,5,1
1347314040796708864,AMWIBULQ4S8K3,1,1
1372148591029067776,A2F48NO7AD9VKK,1,1
1372148591029067776,A2T5CROJ0FWIJY,1,1
1348026971037585408,A2Q1YS118AO2BP,1,1
1348026971037585408,A2YYQJ3JWA2KGD,1,1
1249341779805114368,A2Q1YS118AO2BP,4,4
1249341779805114368,A3JZS32RQUWGJM,4,4
1383202556789264384,A2Q1YS118AO2BP,0,0
1383202556789264384,A3RYI5HXC2MJLN,0,0
1344086686607794176,A55X502YHPLPL,0,0
1344086686607794176,AJAPJJTISC36L,0,0
1347772798824013824,A2T5CROJ0FWIJY,1,1
1347772798824013824,A2VC1UC5Q0E9PO,1,1
1348356002417172480,A2YYQJ3JWA2KGD,1,1
1348356002417172480,A3JZS32RQUWGJM,1,1
1329131894282219520,A2T5CROJ0FWIJY,5,0
1329131894282219520,A3RYI5HXC2MJLN,0,0
1353725908348096512,A2Q1YS118AO2BP,1,1
1353725908348096512,AMWIBULQ4S8K3,1,1
1336790111250489344,A2FCGEU5RTEWG8,0,0
1336790111250489344,A2IOT3PCS9G5RK,0,0
1354366001408831488,A2Q1YS118AO2BP,1,1
1354366001408831488,A2YYQJ3JWA2KGD,1,1
1342283819664039936,A2T5CROJ0FWIJY,0,0
1342283819664039936,AMWIBULQ4S8K3,0,0
1305597908511678464,A2YYQJ3JWA2KGD,3,3
1305597908511678464,A3JZS32RQUWGJM,3,3
1344438673455030272,A2IOT3PCS9G5RK,0,0
1344438673455030272,A2YYQJ3JWA2KGD,0,0
1349367001563725824,A3JZS32RQUWGJM,1,1
1349367001563725824,AMWIBULQ4S8K3,1,1
1354835929484169216,A18DUG8EA8Y766,0,0
1354835929484169216,A2YYQJ3JWA2KGD,0,0
1313651264702443520,A2Q1YS118AO2BP,3,3
1313651264702443520,A3JZS32RQUWGJM,3,3
1266129310030589952,A2IOT3PCS9G5RK,0,0
1266129310030589952,A2YYQJ3JWA2KGD,0,0
1334140773902770176,A2YYQJ3JWA2KGD,1,1
1334140773902770176,AMWIBULQ4S8K3,1,1
1333971908484882432,A2YYQJ3JWA2KGD,0,0
1333971908484882432,AMWIBULQ4S8K3,0,0
1344299056839979008,A2F48NO7AD9VKK,0,0
1344299056839979008,A3JZS32RQUWGJM,0,0
1288139827578376192,AJAPJJTISC36L,0,0
1288139827578376192,AMWIBULQ4S8K3,0,0
1270762596778553344,A2IOT3PCS9G5RK,0,0
1270762596778553344,A2YYQJ3JWA2KGD,0,0
1347762078828916736,A1IFIK8J49WBER,0,0
1347762078828916736,A2Q1YS118AO2BP,0,0
1347936194856771584,A2T5CROJ0FWIJY,0,0
1347936194856771584,AMWIBULQ4S8K3,0,0
1347916547474518016,A2F48NO7AD9VKK,0,0
1347916547474518016,A2Q1YS118AO2BP,0,0
1273542151893405696,A2FCGEU5RTEWG8,0,0
1273542151893405696,A3RYI5HXC2MJLN,0,0
1347774260190785536,A2T5CROJ0FWIJY,1,1
1347774260190785536,A2YYQJ3JWA2KGD,1,1
1348230556689920000,A3JZS32RQUWGJM,3,1
1348230556689920000,AMWIBULQ4S8K3,1,1
1348270144531869696,A3JZS32RQUWGJM,0,0
1348270144531869696,A3RYI5HXC2MJLN,0,0
1309329843457126400,A2F48NO7AD9VKK,0,0
1309329843457126400,A3RYI5HXC2MJLN,0,0
1347693724059447296,A2T5CROJ0FWIJY,1,1
1347693724059447296,A2YYQJ3JWA2KGD,1,1
1324874705631850496,A2FCGEU5RTEWG8,0,0
1324874705631850496,AJAPJJTISC36L,0,0
1347219684039553024,A3JZS32RQUWGJM,1,1
1347219684039553024,AJAPJJTISC36L,1,1
1325004430362734592,A2T5CROJ0FWIJY,0,0
1325004430362734592,A2YYQJ3JWA2KGD,0,0
1341913771191791616,A18DUG8EA8Y766,0,0
1341913771191791616,A3RYI5HXC2MJLN,0,0
1373841376408956928,A2JPOXYZM5AJZZ,0,4
1373841376408956928,A2YYQJ3JWA2KGD,0,4
1355619168406499328,A2F48NO7AD9VKK,1,1
1355619168406499328,A2T5CROJ0FWIJY,1,1
1306604140064313344,A2FCGEU5RTEWG8,0,0
1306604140064313344,A2YYQJ3JWA2KGD,0,0
1265902978013282304,A2T5CROJ0FWIJY,5,3
1265902978013282304,AMWIBULQ4S8K3,5,3
1273952246057906176,A2F0X4LN9N4O4C,0,0
1273952246057906176,A2HM35CWB7IIFM,0,0
1317107763814699008,A2F48NO7AD9VKK,0,0
1317107763814699008,A2YYQJ3JWA2KGD,0,0
1263510346758791168,A2T5CROJ0FWIJY,1,1
1263510346758791168,A2YYQJ3JWA2KGD,1,1
1347154429057900544,A2F48NO7AD9VKK,1,1
1347154429057900544,A2IOT3PCS9G5RK,1,1
1266152144526163968,A2FCGEU5RTEWG8,0,0
1266152144526163968,AMWIBULQ4S8K3,0,0
1344046031961526272,A2YYQJ3JWA2KGD,0,0
1344046031961526272,A3JZS32RQUWGJM,0,0
1308747316963274752,A2Q1YS118AO2BP,5,3
1308747316963274752,A3JZS32RQUWGJM,3,3
1316685871920353280,A2IOT3PCS9G5RK,0,0
1316685871920353280,A2Q1YS118AO2BP,0,0
1338233823004385280,A2IOT3PCS9G5RK,5,4
1338233823004385280,A2YYQJ3JWA2KGD,3,4
1348125177666703360,A2FCGEU5RTEWG8,1,1
1348125177666703360,A314XJY8V1YL12,1,1
1314651633964457984,A2YYQJ3JWA2KGD,0,0
1314651633964457984,ABY1RK8H6HC8C,0,0
1386668939871199232,A2T5CROJ0FWIJY,5,2
1386668939871199232,A2YYQJ3JWA2KGD,2,2
1348016627887992832,A2F48NO7AD9VKK,0,0
1348016627887992832,A2T5CROJ0FWIJY,0,0
1334865057323376640,A18DUG8EA8Y766,5,0
1334865057323376640,AMWIBULQ4S8K3,0,0
1327713258292187136,A2Q1YS118AO2BP,5,4
1327713258292187136,A2YYQJ3JWA2KGD,3,4
1266907489490079744,A2F48NO7AD9VKK,5,0
1266907489490079744,AMWIBULQ4S8K3,0,0
1266380698870591488,A2YYQJ3JWA2KGD,1,1
1266380698870591488,A3JZS32RQUWGJM,1,1
1344093659852115968,A18DUG8EA8Y766,0,0
1344093659852115968,A2T5CROJ0FWIJY,0,0
1330297775670632448,A2Q1YS118AO2BP,0,0
1330297775670632448,A2YYQJ3JWA2KGD,0,0
1316422299092955136,A22KRF782ELLB0,0,0
1316422299092955136,A3JZS32RQUWGJM,0,0
1348157886447243264,A2F48NO7AD9VKK,5,4
1348157886447243264,A3JZS32RQUWGJM,1,4
1274239340609245184,A2T5CROJ0FWIJY,3,4
1274239340609245184,A2YYQJ3JWA2KGD,3,4
1347802117050916864,A2F48NO7AD9VKK,3,3
1347802117050916864,AMWIBULQ4S8K3,4,3
1311679351688179712,A2YYQJ3JWA2KGD,3,4
1311679351688179712,A3JZS32RQUWGJM,4,4
1219750828333887488,A18DUG8EA8Y766,5,4
1219750828333887488,A3RYI5HXC2MJLN,5,4
1317177077460848640,A3JZS32RQUWGJM,0,0
1317177077460848640,AMWIBULQ4S8K3,0,0
1349906671116627968,A2T5CROJ0FWIJY,1,1
1349906671116627968,AMWIBULQ4S8K3,1,1
1320086267720208384,A2F48NO7AD9VKK,4,4
1320086267720208384,A3RYI5HXC2MJLN,4,4
1340328899599884288,A2IOT3PCS9G5RK,1,1
1340328899599884288,A2Q1YS118AO2BP,2,1
1344069038285058048,A2FCGEU5RTEWG8,0,0
1344069038285058048,A2Q1YS118AO2BP,0,0
1321440848979046400,A3JZS32RQUWGJM,0,0
1321440848979046400,A3RYI5HXC2MJLN,0,0
1336341435608571904,A22KRF782ELLB0,0,0
1336341435608571904,A3JZS32RQUWGJM,0,0
1334561594504740864,A2FCGEU5RTEWG8,0,0
1334561594504740864,A2T5CROJ0FWIJY,0,0
1331682485642665984,A3GLUDQZGEJL5G,0,0
1331682485642665984,A3JZS32RQUWGJM,0,0
1347817166003789824,A2Q1YS118AO2BP,1,4
1347817166003789824,AMWIBULQ4S8K3,4,4
1343109041191587840,A2JPOXYZM5AJZZ,0,0
1343109041191587840,A2T5CROJ0FWIJY,0,0
1266353208450068480,A18DUG8EA8Y766,0,0
1266353208450068480,A22KRF782ELLB0,0,0
1321682723480678400,A2F0X4LN9N4O4C,0,0
1321682723480678400,A2T5CROJ0FWIJY,0,0
1344081587793780736,A2HM35CWB7IIFM,0,0
1344081587793780736,A2T5CROJ0FWIJY,0,0
1348156851825897472,A2YYQJ3JWA2KGD,1,1
1348156851825897472,AJAPJJTISC36L,1,1
1352781976168615936,A2Q1YS118AO2BP,4,4
1352781976168615936,A2T5CROJ0FWIJY,5,4
1279295373870317568,A2T5CROJ0FWIJY,4,4
1279295373870317568,A2YYQJ3JWA2KGD,3,4
1347579397822410752,A2JPOXYZM5AJZZ,1,1
1347579397822410752,A2Q1YS118AO2BP,3,1
1315571648859439104,A2Q1YS118AO2BP,0,0
1315571648859439104,A55X502YHPLPL,0,0
1348454532372697088,A2T5CROJ0FWIJY,3,1
1348454532372697088,A2YYQJ3JWA2KGD,1,1
1316620623238459392,A22KRF782ELLB0,0,0
1316620623238459392,A2T5CROJ0FWIJY,0,0
1332767121433112576,A2Q1YS118AO2BP,0,0
1332767121433112576,A3JZS32RQUWGJM,0,0
1293654797967454208,A2YYQJ3JWA2KGD,0,0
1293654797967454208,A3JZS32RQUWGJM,0,0
1351361660339040256,A2YYQJ3JWA2KGD,0,0
1351361660339040256,A3JZS32RQUWGJM,0,0
1266204662383796224,A2Q1YS118AO2BP,0,0
1266204662383796224,A55X502YHPLPL,0,0
1332261595494363136,A22KRF782ELLB0,0,0
1332261595494363136,A2YYQJ3JWA2KGD,0,0
1273632825212690432,A2Q1YS118AO2BP,2,2
1273632825212690432,A3JZS32RQUWGJM,3,2
1342881000238370816,A3JZS32RQUWGJM,0,0
1342881000238370816,A3N0QZ9ZKUCTCQ,0,0
1347022887857909760,A2F48NO7AD9VKK,1,1
1347022887857909760,A2YYQJ3JWA2KGD,1,1
1341884480831762432,A2JPOXYZM5AJZZ,0,0
1341884480831762432,A3JZS32RQUWGJM,0,0
1347845541921607680,A3JZS32RQUWGJM,1,1
1347845541921607680,A3RYI5HXC2MJLN,1,1
1351907691816509440,A2F0X4LN9N4O4C,1,1
1351907691816509440,A2F48NO7AD9VKK,1,1
1291839839889915904,A22KRF782ELLB0,0,0
1291839839889915904,A2F48NO7AD9VKK,0,0
1348064683350253568,AJAPJJTISC36L,1,1
1348064683350253568,AMWIBULQ4S8K3,1,1
1348906849110781952,A2F48NO7AD9VKK,1,1
1348906849110781952,A2IOT3PCS9G5RK,1,1
1344281484966854656,A2JPOXYZM5AJZZ,0,0
1344281484966854656,A3RYI5HXC2MJLN,0,0
1225358606712758272,A2HM35CWB7IIFM,3,3
1225358606712758272,A2Q1YS118AO2BP,5,3
1343894844515774464,A22KRF782ELLB0,0,0
1343894844515774464,A3JZS32RQUWGJM,0,0
1218819838262435840,A3JZS32RQUWGJM,2,2
1218819838262435840,AMWIBULQ4S8K3,2,2
1328716214999285760,A2YYQJ3JWA2KGD,3,3
1328716214999285760,A3JZS32RQUWGJM,3,3
1336319521615802368,A2HM35CWB7IIFM,0,0
1336319521615802368,A3JZS32RQUWGJM,0,0
1359726893696745472,A1IFIK8J49WBER,1,1
1359726893696745472,A3JZS32RQUWGJM,1,1
1347456183762898944,A2HM35CWB7IIFM,1,1
1347456183762898944,A2IOT3PCS9G5RK,1,1
1235681277396660224,A18DUG8EA8Y766,1,1
1235681277396660224,A2JPOXYZM5AJZZ,1,1
1283799741965512704,A2Q1YS118AO2BP,4,3
1283799741965512704,A2T5CROJ0FWIJY,4,3
1321858183724331008,A2IOT3PCS9G5RK,0,0
1321858183724331008,A3JZS32RQUWGJM,0,0
1357916774851874816,A2Q1YS118AO2BP,0,0
1357916774851874816,A3JZS32RQUWGJM,0,0
1228850062513537024,A2FCGEU5RTEWG8,4,4
1228850062513537024,A2T5CROJ0FWIJY,4,4
1341834134851883008,A2Q1YS118AO2BP,0,0
1341834134851883008,A3JZS32RQUWGJM,0,0
1348935920939118592,A2Q1YS118AO2BP,1,1
1348935920939118592,A2T5CROJ0FWIJY,3,1
1359608166825275392,A2IOT3PCS9G5RK,1,1
1359608166825275392,A3MZ9RQJX9T656,1,1
1349501241332785152,A2T5CROJ0FWIJY,5,4
1349501241332785152,AMWIBULQ4S8K3,5,4
1346901615886798848,A2YYQJ3JWA2KGD,1,1
1346901615886798848,A3JZS32RQUWGJM,1,1
1349224730180677632,A2HM35CWB7IIFM,1,1
1349224730180677632,A2YYQJ3JWA2KGD,1,1
1305228921072357376,A18DUG8EA8Y766,4,4
1305228921072357376,A2T5CROJ0FWIJY,5,4
1319275055717642240,A2T5CROJ0FWIJY,0,0
1319275055717642240,A3JZS32RQUWGJM,0,0
1360379686296109056,A2HM35CWB7IIFM,1,1
1360379686296109056,ABY1RK8H6HC8C,1,1
1300538206308511744,A2HM35CWB7IIFM,0,0
1300538206308511744,AMWIBULQ4S8K3,0,0
1349531752025481216,A2T5CROJ0FWIJY,1,1
1349531752025481216,A2YYQJ3JWA2KGD,1,1
1315783368622080000,A2T5CROJ0FWIJY,0,0
1315783368622080000,A3JZS32RQUWGJM,0,0
1356770669082640384,A2JPOXYZM5AJZZ,4,3
1356770669082640384,A3RYI5HXC2MJLN,3,3
1294444758379769856,A22KRF782ELLB0,1,4
1294444758379769856,A2T5CROJ0FWIJY,1,4
1285291434711670784,A2T5CROJ0FWIJY,4,4
1285291434711670784,A2YYQJ3JWA2KGD,3,4
1271112734617137152,A2T5CROJ0FWIJY,5,3
1271112734617137152,A2YYQJ3JWA2KGD,3,3
1343725765251100672,A2YYQJ3JWA2KGD,0,0
1343725765251100672,AMWIBULQ4S8K3,0,0
1321516179333222400,A2F48NO7AD9VKK,3,3
1321516179333222400,A2T5CROJ0FWIJY,3,3
1266186504658989056,A2F48NO7AD9VKK,0,0
1266186504658989056,AJAPJJTISC36L,0,0
1347605556580610048,A2JPOXYZM5AJZZ,1,1
1347605556580610048,AMWIBULQ4S8K3,1,1
1322490284727566336,A2IOT3PCS9G5RK,0,0
1322490284727566336,AMWIBULQ4S8K3,0,0
1323648292824166400,A2HM35CWB7IIFM,4,4
1323648292824166400,A2YYQJ3JWA2KGD,3,4
1339638688809164800,A2Q1YS118AO2BP,0,0
1339638688809164800,A2YYQJ3JWA2KGD,0,0
1321192079079493632,A18DUG8EA8Y766,0,0
1321192079079493632,AMWIBULQ4S8K3,0,0
1339652660274876416,A2F48NO7AD9VKK,0,0
1339652660274876416,A2YYQJ3JWA2KGD,0,0
1346989912432603136,A2IOT3PCS9G5RK,1,1
1346989912432603136,AJAPJJTISC36L,1,1
1347689282580803584,A2YYQJ3JWA2KGD,1,1
1347689282580803584,A3JZS32RQUWGJM,1,1
1347102486201393152,A2F0X4LN9N4O4C,1,1
1347102486201393152,A2HM35CWB7IIFM,1,1
1265722477440729088,A2IOT3PCS9G5RK,1,1
1265722477440729088,A2Q1YS118AO2BP,1,1
1332112625547632640,A3JZS32RQUWGJM,0,0
1332112625547632640,AMWIBULQ4S8K3,0,0
1357142646230114304,A2Q1YS118AO2BP,3,1
1357142646230114304,A2YYQJ3JWA2KGD,1,1
1329464643434258432,A2Q1YS118AO2BP,0,0
1329464643434258432,A2YYQJ3JWA2KGD,0,0
1292107974631202816,A2HM35CWB7IIFM,0,0
1292107974631202816,A2IOT3PCS9G5RK,0,0
1327217160930922496,A2YYQJ3JWA2KGD,3,3
1327217160930922496,AMWIBULQ4S8K3,3,3
1266880465702514688,A2T5CROJ0FWIJY,1,1
1266880465702514688,A2YYQJ3JWA2KGD,1,1
1347921296575836160,A2YYQJ3JWA2KGD,0,0
1347921296575836160,AJAPJJTISC36L,0,0
1343996335922401280,A2HM35CWB7IIFM,0,0
1343996335922401280,A2YYQJ3JWA2KGD,0,0
1375626755915067392,A2F48NO7AD9VKK,4,4
1375626755915067392,A3JZS32RQUWGJM,4,4
1349287828014952448,A2YYQJ3JWA2KGD,3,3
1349287828014952448,A3JZS32RQUWGJM,1,3
1316725390547791872,A2T5CROJ0FWIJY,0,0
1316725390547791872,A3JZS32RQUWGJM,0,0
1236151044486434816,A2F48NO7AD9VKK,4,4
1236151044486434816,A2T5CROJ0FWIJY,4,4
1348376895201677312,A2YYQJ3JWA2KGD,0,0
1348376895201677312,A3GLUDQZGEJL5G,0,0
1344284812589334528,A2IOT3PCS9G5RK,0,0
1344284812589334528,A2YYQJ3JWA2KGD,0,0
1266351347177336832,A2YYQJ3JWA2KGD,1,1
1266351347177336832,AMWIBULQ4S8K3,1,1
1279137628378615808,A2HM35CWB7IIFM,4,4
1279137628378615808,AMWIBULQ4S8K3,5,4
1353439553751814144,A2T5CROJ0FWIJY,0,0
1353439553751814144,A2YYQJ3JWA2KGD,0,0
1345073798392016896,A2T5CROJ0FWIJY,0,0
1345073798392016896,A3JZS32RQUWGJM,0,0
1344321845483474944,A2JPOXYZM5AJZZ,0,0
1344321845483474944,AJAPJJTISC36L,0,0
1216995115664904192,A18DUG8EA8Y766,5,4
1216995115664904192,AMWIBULQ4S8K3,2,4
1348053910347526144,A3JZS32RQUWGJM,1,1
1348053910347526144,A3MZ9RQJX9T656,1,1
1334990699398389760,A2T5CROJ0FWIJY,0,0
1334990699398389760,AMWIBULQ4S8K3,0,0
1265927948617613312,A2YYQJ3JWA2KGD,3,1
1265927948617613312,A3JZS32RQUWGJM,1,1
1351673807669399552,A2YYQJ3JWA2KGD,1,4
1351673807669399552,A3JZS32RQUWGJM,1,4
1348407987413639168,A3JZS32RQUWGJM,0,0
1348407987413639168,AJAPJJTISC36L,0,0
1321490301484208128,A2FCGEU5RTEWG8,0,0
1321490301484208128,A2YYQJ3JWA2KGD,0,0
1334059325711650816,A2JPOXYZM5AJZZ,0,0
1334059325711650816,A3JZS32RQUWGJM,0,0
1348005428228018176,A2IOT3PCS9G5RK,0,0
1348005428228018176,A3RYI5HXC2MJLN,0,0
1349032418439663616,A2Q1YS118AO2BP,3,1
1349032418439663616,AMWIBULQ4S8K3,1,1
1349628550152810496,A2IOT3PCS9G5RK,1,1
1349628550152810496,A2T5CROJ0FWIJY,1,1
1344142228294414336,A2JPOXYZM5AJZZ,0,0
1344142228294414336,A3JZS32RQUWGJM,0,0
1345499376119005184,A3JZS32RQUWGJM,0,0
1345499376119005184,AJAPJJTISC36L,0,0
1267114893997735936,A2T5CROJ0FWIJY,4,4
1267114893997735936,A3JZS32RQUWGJM,4,4
1280928661038870528,A2YYQJ3JWA2KGD,3,3
1280928661038870528,A3RYI5HXC2MJLN,5,3
1270076503263531008,A2F48NO7AD9VKK,4,4
1270076503263531008,A2YYQJ3JWA2KGD,4,4
1349613693546409984,A2T5CROJ0FWIJY,1,1
1349613693546409984,A3JZS32RQUWGJM,1,1
1336866314619523072,A3JZS32RQUWGJM,0,0
1336866314619523072,A55X502YHPLPL,0,0
1384237790343299072,A2JPOXYZM5AJZZ,4,4
1384237790343299072,A2YYQJ3JWA2KGD,3,4
1348686110399066112,A2FCGEU5RTEWG8,1,1
1348686110399066112,AMWIBULQ4S8K3,1,1
1354183460030607360,A18DUG8EA8Y766,0,0
1354183460030607360,AMWIBULQ4S8K3,0,0
1286110379106537472,A2Q1YS118AO2BP,3,2
1286110379106537472,A2YYQJ3JWA2KGD,3,2
1334682117884833792,A2T5CROJ0FWIJY,0,0
1334682117884833792,AJAPJJTISC36L,0,0
1331277829233893376,A3RYI5HXC2MJLN,3,4
1331277829233893376,AMWIBULQ4S8K3,5,4
1379964080983785472,A3JZS32RQUWGJM,1,1
1379964080983785472,A3RYI5HXC2MJLN,1,1
1316761579082350592,A2Q1YS118AO2BP,5,0
1316761579082350592,A2YYQJ3JWA2KGD,0,0
1338130919081844736,AJAPJJTISC36L,0,0
1338130919081844736,AMWIBULQ4S8K3,0,0
1334207727384616960,A2F48NO7AD9VKK,0,0
1334207727384616960,A2T5CROJ0FWIJY,0,0
1325642165922406400,A2IOT3PCS9G5RK,0,0
1325642165922406400,A2JPOXYZM5AJZZ,0,0
1354806860344254464,A2Q1YS118AO2BP,5,3
1354806860344254464,A2T5CROJ0FWIJY,5,3
1348003789446397952,A2FCGEU5RTEWG8,1,1
1348003789446397952,A2Q1YS118AO2BP,1,1
1347321633388826624,A3JZS32RQUWGJM,4,4
1347321633388826624,AMWIBULQ4S8K3,4,4
1275405019043573760,A2JPOXYZM5AJZZ,4,4
1275405019043573760,A2YYQJ3JWA2KGD,3,4
1273331393792053248,A2IOT3PCS9G5RK,0,0
1273331393792053248,AMWIBULQ4S8K3,0,0
1290688051304378368,A2JPOXYZM5AJZZ,4,2
1290688051304378368,A3JZS32RQUWGJM,2,2
1218127577975533568,A2Q1YS118AO2BP,5,4
1218127577975533568,A3JZS32RQUWGJM,3,4
1348978333690654720,A2F48NO7AD9VKK,1,1
1348978333690654720,AMWIBULQ4S8K3,1,1
1302498320364064768,A2JPOXYZM5AJZZ,4,4
1302498320364064768,A2YYQJ3JWA2KGD,3,4
1369108893280788480,A18DUG8EA8Y766,5,4
1369108893280788480,AMWIBULQ4S8K3,5,4
1316525570834919424,A2YYQJ3JWA2KGD,0,0
1316525570834919424,AJAPJJTISC36L,0,0
1345088389972783104,A1IFIK8J49WBER,5,0
1345088389972783104,A3RYI5HXC2MJLN,0,0
1341727875112714240,A3JZS32RQUWGJM,0,0
1341727875112714240,A55X502YHPLPL,0,0
1261260707250790400,A2Q1YS118AO2BP,4,4
1261260707250790400,A2T5CROJ0FWIJY,4,4
1354124828895186944,A18DUG8EA8Y766,5,3
1354124828895186944,A2IOT3PCS9G5RK,3,3
1332565286776520704,A3JZS32RQUWGJM,0,0
1332565286776520704,A3RYI5HXC2MJLN,0,0
1337602138227187712,A2Q1YS118AO2BP,0,0
1337602138227187712,A2YYQJ3JWA2KGD,0,0
1277654826143252480,A2Q1YS118AO2BP,1,1
1277654826143252480,A3RYI5HXC2MJLN,1,1
1288584560981278720,A18DUG8EA8Y766,4,4
1288584560981278720,A2T5CROJ0FWIJY,5,4
1282935445098311680,A2YYQJ3JWA2KGD,3,3
1282935445098311680,AMWIBULQ4S8K3,3,3
1318638125774741504,A110KENBXU7SUJ,0,0
1318638125774741504,A22KRF782ELLB0,0,0
1348719215486791680,A2F48NO7AD9VKK,4,4
1348719215486791680,AMWIBULQ4S8K3,3,4
1347856578494476288,A2F48NO7AD9VKK,1,1
1347856578494476288,A2YYQJ3JWA2KGD,1,1
1285770821584093184,A2IOT3PCS9G5RK,0,0
1285770821584093184,A2YYQJ3JWA2KGD,0,0
1348852117738549248,A2F48NO7AD9VKK,0,0
1348852117738549248,A2YYQJ3JWA2KGD,0,0
1266026522370027520,A22KRF782ELLB0,0,0
1266026522370027520,AMWIBULQ4S8K3,0,0
1302429093586112512,A2HM35CWB7IIFM,1,1
1302429093586112512,A55X502YHPLPL,1,1
1359581719796408320,A18DUG8EA8Y766,1,1
1359581719796408320,AJAPJJTISC36L,1,1
1347923923967610880,A2IOT3PCS9G5RK,0,0
1347923923967610880,A2YYQJ3JWA2KGD,0,0
1312897334762643456,A2YYQJ3JWA2KGD,3,4
1312897334762643456,A3RYI5HXC2MJLN,5,4
1358868537712943104,A2YYQJ3JWA2KGD,1,1
1358868537712943104,AMWIBULQ4S8K3,1,1
1332668090325237760,A18DUG8EA8Y766,0,0
1332668090325237760,A2F0X4LN9N4O4C,0,0
1268834466413199360,AJAPJJTISC36L,4,4
1268834466413199360,AMWIBULQ4S8K3,4,4
1353784887464005632,A2Q1YS118AO2BP,3,0
1353784887464005632,A3JZS32RQUWGJM,0,0
1288590298109505536,A2Q1YS118AO2BP,1,1
1288590298109505536,A2YYQJ3JWA2KGD,1,1
1258882814054891520,A2Q1YS118AO2BP,0,0
1258882814054891520,AMWIBULQ4S8K3,0,0
1358225597231755264,A2F48NO7AD9VKK,4,4
1358225597231755264,A3JZS32RQUWGJM,4,4
1348176829832519680,A3JZS32RQUWGJM,0,0
1348176829832519680,AMWIBULQ4S8K3,0,0
1353505283260051456,A2Q1YS118AO2BP,3,4
1353505283260051456,A2YYQJ3JWA2KGD,3,4
1349399993023655936,A2T5CROJ0FWIJY,0,0
1349399993023655936,A2YYQJ3JWA2KGD,0,0
1347779251416678400,A2YYQJ3JWA2KGD,3,3
1347779251416678400,A3RYI5HXC2MJLN,4,3
1327983628161347584,A2IOT3PCS9G5RK,1,1
1327983628161347584,A2T5CROJ0FWIJY,1,1
1348229781884645376,A2HM35CWB7IIFM,1,1
1348229781884645376,AMWIBULQ4S8K3,1,1
1349405479194271744,A3JZS32RQUWGJM,0,4
1349405479194271744,AMWIBULQ4S8K3,0,4
1345889396038524928,A2IOT3PCS9G5RK,0,0
1345889396038524928,A3RYI5HXC2MJLN,0,0
1354574020063109120,A22KRF782ELLB0,1,1
1354574020063109120,A2Q1YS118AO2BP,3,1
1277129352577273856,A18DUG8EA8Y766,0,0
1277129352577273856,A3JZS32RQUWGJM,0,0
1336707223825895424,A18DUG8EA8Y766,0,0
1336707223825895424,A2YYQJ3JWA2KGD,0,0
1348980834435555328,A2Q1YS118AO2BP,1,1
1348980834435555328,A3JZS32RQUWGJM,1,1
1347826846906384384,A2T5CROJ0FWIJY,1,1
1347826846906384384,AMWIBULQ4S8K3,1,1
1348674225901473792,A2IOT3PCS9G5RK,0,0
1348674225901473792,A2T5CROJ0FWIJY,0,0
1317566997375352832,A3RYI5HXC2MJLN,0,0
1317566997375352832,AMWIBULQ4S8K3,0,0
1312217183527661568,A2Q1YS118AO2BP,5,3
1312217183527661568,A3JZS32RQUWGJM,3,3
1363027997041643520,A2HM35CWB7IIFM,3,3
1363027997041643520,A2T5CROJ0FWIJY,3,3
1319630701587779584,A2YYQJ3JWA2KGD,0,0
1319630701587779584,AJAPJJTISC36L,0,0
1267137730686918656,A18DUG8EA8Y766,1,1
1267137730686918656,A2T5CROJ0FWIJY,1,1
1300526956648128512,A2YYQJ3JWA2KGD,1,4
1300526956648128512,AMWIBULQ4S8K3,3,4
1317530828033896448,A2Q1YS118AO2BP,5,3
1317530828033896448,A2YYQJ3JWA2KGD,3,3
1334116409752899584,A2T5CROJ0FWIJY,0,0
1334116409752899584,A3JZS32RQUWGJM,0,0
1347790032975798272,A22KRF782ELLB0,0,0
1347790032975798272,AMWIBULQ4S8K3,0,0
1317514792685326336,A2F48NO7AD9VKK,0,0
1317514792685326336,A3RYI5HXC2MJLN,0,0
1349817858163957760,A2F48NO7AD9VKK,1,1
1349817858163957760,A2HM35CWB7IIFM,1,1
1346977418763005952,A2JPOXYZM5AJZZ,1,1
1346977418763005952,A2YYQJ3JWA2KGD,1,1
1343548180441542656,A2YYQJ3JWA2KGD,0,0
1343548180441542656,A3JZS32RQUWGJM,0,0
1317000460004282368,A2F48NO7AD9VKK,4,0
1317000460004282368,AMWIBULQ4S8K3,0,0
1366985578336681984,A2T5CROJ0FWIJY,0,0
1366985578336681984,AMWIBULQ4S8K3,0,0
1334836429218779136,A2Q1YS118AO2BP,0,0
1334836429218779136,A2YYQJ3JWA2KGD,0,0
1265769092515942400,A2T5CROJ0FWIJY,4,3
1265769092515942400,AMWIBULQ4S8K3,4,3
1363337753975545856,A3JZS32RQUWGJM,1,1
1363337753975545856,A3RYI5HXC2MJLN,1,1
1326358255048790016,A2T5CROJ0FWIJY,0,0
1326358255048790016,AJAPJJTISC36L,0,0
1321452904914575360,A2F48NO7AD9VKK,0,0
1321452904914575360,A2Q1YS118AO2BP,0,0
1347392201354059776,A2IOT3PCS9G5RK,1,1
1347392201354059776,A2Q1YS118AO2BP,1,1
1347951118198984704,A2FCGEU5RTEWG8,0,0
1347951118198984704,A55X502YHPLPL,0,0
1323314151460990976,A2F48NO7AD9VKK,0,0
1323314151460990976,A3RYI5HXC2MJLN,0,0
1322336390869385216,A2YYQJ3JWA2KGD,0,4
1322336390869385216,AJAPJJTISC36L,0,4
1348487701763301376,A2F48NO7AD9VKK,4,4
1348487701763301376,AMWIBULQ4S8K3,4,4
1266086792433766400,A2Q1YS118AO2BP,0,0
1266086792433766400,A2YYQJ3JWA2KGD,0,0
1345895926427222016,A2YYQJ3JWA2KGD,0,0
1345895926427222016,A3JZS32RQUWGJM,0,0
1313746728462569472,A2F48NO7AD9VKK,3,3
1313746728462569472,A2HM35CWB7IIFM,3,3
1347690633222356992,A2F48NO7AD9VKK,0,1
1347690633222356992,A2FCGEU5RTEWG8,1,1
1285755702695415808,A2YYQJ3JWA2KGD,4,3
1285755702695415808,A3RYI5HXC2MJLN,5,3
1314264345019330560,A2YYQJ3JWA2KGD,3,3
1314264345019330560,A3JZS32RQUWGJM,3,3
1347987497196736512,A18DUG8EA8Y766,3,3
1347987497196736512,A2T5CROJ0FWIJY,3,3
1346223051852181504,A2F48NO7AD9VKK,0,0
1346223051852181504,A2YYQJ3JWA2KGD,0,0
1294444389050093568,A22KRF782ELLB0,1,1
1294444389050093568,A2Q1YS118AO2BP,1,1
1324817523271892992,A2T5CROJ0FWIJY,0,0
1324817523271892992,AMWIBULQ4S8K3,0,0
1335766181907746816,A2F48NO7AD9VKK,4,4
1335766181907746816,A2T5CROJ0FWIJY,4,4
1344064320678739968,A2JPOXYZM5AJZZ,0,0
1344064320678739968,A2YYQJ3JWA2KGD,0,0
1317120467010899968,A2Q1YS118AO2BP,5,0
1317120467010899968,A3JZS32RQUWGJM,0,0
1324619129987321856,A22KRF782ELLB0,0,0
1324619129987321856,A2IOT3PCS9G5RK,0,0
1278878648490229760,A2T5CROJ0FWIJY,4,4
1278878648490229760,A2YYQJ3JWA2KGD,3,4
1378542970115387392,A2F48NO7AD9VKK,4,3
1378542970115387392,A2YYQJ3JWA2KGD,3,3
1337113789909463040,A2YYQJ3JWA2KGD,3,4
1337113789909463040,A3JZS32RQUWGJM,4,4
1281171440646135808,A2JPOXYZM5AJZZ,4,4
1281171440646135808,AMWIBULQ4S8K3,3,4
1226333682614534144,A2IOT3PCS9G5RK,1,1
1226333682614534144,A2JPOXYZM5AJZZ,1,1
1330268463764529152,A2YYQJ3JWA2KGD,1,1
1330268463764529152,A3JZS32RQUWGJM,1,1
1348277301033762816,A3JZS32RQUWGJM,0,0
1348277301033762816,A3N0QZ9ZKUCTCQ,0,0
1263166633888976896,A2YYQJ3JWA2KGD,4,4
1263166633888976896,AMWIBULQ4S8K3,4,4
1316816481942814720,A2F48NO7AD9VKK,0,0
1316816481942814720,A2YYQJ3JWA2KGD,0,0
1329746086437720064,A2YYQJ3JWA2KGD,0,0
1329746086437720064,AJAPJJTISC36L,0,0
1322652274443898880,A2Q1YS118AO2BP,0,4
1322652274443898880,A2YYQJ3JWA2KGD,0,4
1329217826809409536,A2F48NO7AD9VKK,5,1
1329217826809409536,A2YYQJ3JWA2KGD,1,1
1349804904760582144,A22KRF782ELLB0,1,1
1349804904760582144,A3JZS32RQUWGJM,1,1
1347551897981513728,A2JPOXYZM5AJZZ,4,4
1347551897981513728,A2YYQJ3JWA2KGD,3,4
1347269506566139904,A2YYQJ3JWA2KGD,0,0
1347269506566139904,AJAPJJTISC36L,0,0
1347311007350353920,A2FCGEU5RTEWG8,1,1
1347311007350353920,A3JZS32RQUWGJM,1,1
1329137237246705664,A2IOT3PCS9G5RK,1,1
1329137237246705664,A2T5CROJ0FWIJY,1,1
1266888196853395456,A2YYQJ3JWA2KGD,1,1
1266888196853395456,A3RYI5HXC2MJLN,1,1
1321507504392704000,A2F48NO7AD9VKK,0,0
1321507504392704000,A2FCGEU5RTEWG8,0,0
1240459569387769856,A2JPOXYZM5AJZZ,0,0
1240459569387769856,A2T5CROJ0FWIJY,0,0
1316973778535055360,A18DUG8EA8Y766,0,0
1316973778535055360,A2Q1YS118AO2BP,0,0
1216530965880877056,A2YYQJ3JWA2KGD,3,2
1216530965880877056,AMWIBULQ4S8K3,2,2
1344038821415976960,A2YYQJ3JWA2KGD,0,0
1344038821415976960,AJAPJJTISC36L,0,0
1266308384623489024,A2YYQJ3JWA2KGD,2,4
1266308384623489024,A3JZS32RQUWGJM,4,4
1334990533937262592,A3JZS32RQUWGJM,1,1
1334990533937262592,A55X502YHPLPL,1,1
1354750718314487808,A2F48NO7AD9VKK,4,4
1354750718314487808,A3JZS32RQUWGJM,4,4
1331522308184436736,A2F48NO7AD9VKK,4,1
1331522308184436736,AMWIBULQ4S8K3,1,1
1357121257209163776,A2HM35CWB7IIFM,1,1
1357121257209163776,A2Q1YS118AO2BP,3,1
1266495819638648832,A18DUG8EA8Y766,0,0
1266495819638648832,A2HM35CWB7IIFM,0,0
1314564949788839936,A22KRF782ELLB0,0,0
1314564949788839936,A2T5CROJ0FWIJY,0,0
1286006412837978112,A2F48NO7AD9VKK,0,0
1286006412837978112,A2T5CROJ0FWIJY,0,0
1321475594773688320,A2F48NO7AD9VKK,4,0
1321475594773688320,AMWIBULQ4S8K3,0,0
1348287197225615360,A2HM35CWB7IIFM,1,1
1348287197225615360,A3JZS32RQUWGJM,1,1
1321558523025772544,A1IFIK8J49WBER,3,0
1321558523025772544,A2IOT3PCS9G5RK,0,0
1347002574940086272,A2YYQJ3JWA2KGD,1,1
1347002574940086272,AMWIBULQ4S8K3,1,1
1347770188708671488,A2IOT3PCS9G5RK,0,4
1347770188708671488,A55X502YHPLPL,0,4
1382029452083798016,A2YYQJ3JWA2KGD,0,0
1382029452083798016,AJAPJJTISC36L,0,0
1348521174758608896,A2F48NO7AD9VKK,4,1
1348521174758608896,AMWIBULQ4S8K3,4,1
1341978881675255808,A2FCGEU5RTEWG8,0,0
1341978881675255808,A3JZS32RQUWGJM,0,0
1321646968192573440,A3JZS32RQUWGJM,0,0
1321646968192573440,A55X502YHPLPL,0,0
1343701559205654528,A2YYQJ3JWA2KGD,0,0
1343701559205654528,A3JZS32RQUWGJM,0,0
1342904247554215936,A18DUG8EA8Y766,0,0
1342904247554215936,A2YYQJ3JWA2KGD,0,0
1316890895623438336,A2Q1YS118AO2BP,5,4
1316890895623438336,AMWIBULQ4S8K3,5,4
1303588865186226176,A2HM35CWB7IIFM,0,0
1303588865186226176,AMWIBULQ4S8K3,0,0
1266547763803611136,A2F48NO7AD9VKK,1,1
1266547763803611136,A2YYQJ3JWA2KGD,1,1
1314260507424165888,A2IOT3PCS9G5RK,0,0
1314260507424165888,A2YYQJ3JWA2KGD,0,0
1351176776123297792,A2F48NO7AD9VKK,1,1
1351176776123297792,A2Q1YS118AO2BP,1,1
1331896535131582464,A2Q1YS118AO2BP,5,0
1331896535131582464,A2T5CROJ0FWIJY,0,0
1341803794238156800,A3JZS32RQUWGJM,0,0
1341803794238156800,AJAPJJTISC36L,0,0
1347315072046137344,A2IOT3PCS9G5RK,1,1
1347315072046137344,A2JPOXYZM5AJZZ,1,1
1347762887184420864,A18DUG8EA8Y766,0,0
1347762887184420864,AMWIBULQ4S8K3,0,0
1348291638771245056,A2Q1YS118AO2BP,3,4
1348291638771245056,A2T5CROJ0FWIJY,3,4
1334400347452870656,A2T5CROJ0FWIJY,0,0
1334400347452870656,A2YYQJ3JWA2KGD,0,0
1313523929869287424,A2Q1YS118AO2BP,0,0
1313523929869287424,AMWIBULQ4S8K3,0,0
1265843388894580736,A2F48NO7AD9VKK,0,0
1265843388894580736,AMWIBULQ4S8K3,0,0
1348734507768295424,A2F48NO7AD9VKK,1,1
1348734507768295424,A2YYQJ3JWA2KGD,1,1
1348684804473016320,A2IOT3PCS9G5RK,1,1
1348684804473016320,A3JZS32RQUWGJM,1,1
1321688305201745920,A2T5CROJ0FWIJY,0,0
1321688305201745920,A3RYI5HXC2MJLN,0,0
1344024588485849088,A2T5CROJ0FWIJY,0,0
1344024588485849088,A3JZS32RQUWGJM,0,0
1343407673304354816,A2YYQJ3JWA2KGD,0,0
1343407673304354816,AMWIBULQ4S8K3,0,0
1347450879528595456,A2T5CROJ0FWIJY,0,0
1347450879528595456,A3RYI5HXC2MJLN,0,0
1334399702549188608,A2FCGEU5RTEWG8,0,0
1334399702549188608,A2YYQJ3JWA2KGD,0,0
1347265743889588224,A2YYQJ3JWA2KGD,1,1
1347265743889588224,AJAPJJTISC36L,1,1
1367621265620676608,A18DUG8EA8Y766,1,1
1367621265620676608,A2T5CROJ0FWIJY,1,1
1313869099051614208,A2T5CROJ0FWIJY,0,0
1313869099051614208,A3JZS32RQUWGJM,0,0
1316765569341894656,A2YYQJ3JWA2KGD,0,0
1316765569341894656,A3JZS32RQUWGJM,0,0
1347614441165099008,A2HM35CWB7IIFM,1,1
1347614441165099008,A314XJY8V1YL12,1,1
1343707824648548352,A22KRF782ELLB0,0,0
1343707824648548352,A3RYI5HXC2MJLN,0,0
1219666770568478720,A2T5CROJ0FWIJY,4,4
1219666770568478720,A2YYQJ3JWA2KGD,3,4
1327269865481265152,A18DUG8EA8Y766,1,1
1327269865481265152,A2Q1YS118AO2BP,1,1
1337125542173270016,A2FCGEU5RTEWG8,0,0
1337125542173270016,AJAPJJTISC36L,0,0
1346952389048164352,A3JZS32RQUWGJM,1,1
1346952389048164352,A3RYI5HXC2MJLN,1,1
1347172094338064384,A2HM35CWB7IIFM,0,0
1347172094338064384,A3RYI5HXC2MJLN,0,0
1321491880882982912,A2IOT3PCS9G5RK,0,0
1321491880882982912,AMWIBULQ4S8K3,0,0
1321430891332276224,A2Q1YS118AO2BP,0,0
1321430891332276224,AMWIBULQ4S8K3,0,0
1334043186746904576,A2Q1YS118AO2BP,0,0
1334043186746904576,A3JZS32RQUWGJM,0,0
1347958919159816192,A2YYQJ3JWA2KGD,1,1
1347958919159816192,A55X502YHPLPL,1,1
1318802844871499776,A2JPOXYZM5AJZZ,5,3
1318802844871499776,A3JZS32RQUWGJM,3,3
1336686577536413696,A2JPOXYZM5AJZZ,0,0
1336686577536413696,A2Q1YS118AO2BP,0,0
1335163212665393152,AJAPJJTISC36L,0,0
1335163212665393152,AMWIBULQ4S8K3,0,0
1334731007044554752,A2YYQJ3JWA2KGD,0,0
1334731007044554752,A3RYI5HXC2MJLN,0,0
1349615790241288192,A2T5CROJ0FWIJY,1,1
1349615790241288192,A55X502YHPLPL,1,1
1343390061346369536,A2IOT3PCS9G5RK,0,0
1343390061346369536,A2YYQJ3JWA2KGD,0,0
1375866710394290176,A2JPOXYZM5AJZZ,5,4
1375866710394290176,A2Q1YS118AO2BP,5,4
1366840878233493504,A2F48NO7AD9VKK,5,0
1366840878233493504,A2YYQJ3JWA2KGD,0,0
